{
  "type": "tutorial:tutorial_dimension",
  "generator": {
    "biome_source": {
      "seed": 0,
      "type": "minecraft:multi_noise",
      "biomes":[
          {
            "biome": "ice_spikes",
            "parameters":{
              "altitude": -0.8,
              "humidity": 0.5,
              "temperature": -0.8,
              "weirdness": 0.8,
              "offset": 0.5
            }
          },
          {
            "biome": "tutorial:tutorial_biome",
            "parameters":{
              "altitude": -1,
              "humidity": 0.5,
              "temperature": -1,
              "weirdness": -1,
              "offset": 0
            }
          },
          {
            "biome": "frozen_river",
            "parameters":{
              "altitude": 0,
              "humidity": 1,
              "temperature": -1,
              "weirdness": -0.8,
              "offset": 0.9
            }
          },
          {
            "biome": "frozen_ocean",
            "parameters":{
              "altitude": 0,
              "humidity": 1,
              "temperature": -1,
              "weirdness": 0.4,
              "offset": 0
            }
          }
      ],
      "altitude_noise": {
        "firstOctave": -7,
        "amplitudes": [
          1.0,
          1.0
        ]
      },
      "humidity_noise": {
        "firstOctave": -7,
        "amplitudes": [
          1.0,
          1.0
        ]
      },
      "temperature_noise": {
        "firstOctave": -7,
        "amplitudes": [
          1.0,
          1.0
        ]
      },
      "weirdness_noise": {
        "firstOctave": -7,
        "amplitudes": [
          1.0,
          1.0
        ]
      }        
    },
    "seed": 0,
    "settings": "tutorial:tutorial",
    "type": "minecraft:noise"
  }
}